Variant;risk-allele;P-value;P-value annotation;RAF;OR;Beta;CI;Mapped gene;Reported trait;Trait(s);Background trait(s);Study accession;Location
rs4703133;G;8 x 10-14;;0.363088;'-;'-;'-;ST8SIA4;White blood cell count;myeloid white cell count;'-;GCST90002378;5:100935430
rs2725117;C;4 x 10-13;;0.608755;'-;0.014628 SD unit increase;[0.011-0.019];ST8SIA4;Lymphocyte count;lymphocyte count;'-;GCST90002316;5:100823164
rs2548280;T;2 x 10-11;;0.628284;'-;'-;'-;ST8SIA4;Lymphocyte count;lymphocyte count;'-;GCST90002320;5:100816137
rs2548257;A;5 x 10-11;;0.653021;'-;0.012909 SD unit increase;[0.0091-0.0168];ST8SIA4;Monocyte count;monocyte count;'-;GCST90002340;5:100826613
rs3909452;T;3 x 10-10;;0.649694;'-;'-;'-;ST8SIA4;Monocyte count;monocyte count;'-;GCST90002344;5:100814131
rs2059846;?;4 x 10-10;;NR;'-;'-;'-;ST8SIA4;White blood cell count;leukocyte count;'-;GCST007070;5:100865206
rs2544920;T;4 x 10-10;;0.617452;'-;0.014243656 unit increase;[0.0098-0.0187];RN7SKP62, ST8SIA4;Lymphocyte count;lymphocyte count;'-;GCST90002388;5:100805670
rs375138924;G;5 x 10-10;;0.672208;'-;0.014939948 unit increase;[0.01-0.02];ST8SIA4;White blood cell count;leukocyte count;'-;GCST90002407;5:100853990
rs12153670;G;8 x 10-10;;NR;1.15;'-;[1.11-1.19];ST8SIA4;Systemic lupus erythematosus;obsolete_systemic lupus erythematosus;'-;GCST011493;5:100836660
rs2544920;A;9 x 10-10;;0.226;1.122;'-;[1.08-1.16];RN7SKP62, ST8SIA4;Systemic lupus erythematosus;obsolete_systemic lupus erythematosus;'-;GCST011956;5:100805670
rs60643069;GA;2 x 10-9;;NR;'-;0.125227 unit increase;[0.084-0.166];ST8SIA4;Primary biliary cholangitis;primary biliary cirrhosis;'-;GCST90061442;5:100902371
rs6886392;?;4 x 10-9;;NR;1.13;'-;[1.08-1.18];ST8SIA4, RN7SKP62;Systemic lupus erythematosus;obsolete_systemic lupus erythematosus;'-;GCST005752;5:100800161
rs2544920;T;2 x 10-8;;NR;'-;0.0125 unit increase;[0.0082-0.0168];RN7SKP62, ST8SIA4;Lymphocyte count;lymphocyte count;'-;GCST90018962;5:100805670
rs55849330;A;5 x 10-8;;NR;1.16;'-;[1.11-1.21];ST8SIA4;Systemic lupus erythematosus;obsolete_systemic lupus erythematosus;'-;GCST005831;5:100848943
rs141002831;T;1 x 10-7;;NR;'-;0.120115 unit increase;[0.075-0.165];ST8SIA4;Primary biliary cholangitis;primary biliary cirrhosis;'-;GCST90061440;5:100866579
rs17161553;C;1 x 10-6;(IGP26);0.00759786255756579;'-;1.6947 unit increase;[1.01-2.38];ST8SIA4;IgG glycosylation;serum IgG glycosylation measurement;'-;GCST001848;5:100966102
rs12153670;G;2 x 10-6;;0.314;1.15;'-;[1.09-1.21];ST8SIA4;Systemic lupus erythematosus;obsolete_systemic lupus erythematosus;'-;GCST011492;5:100836660
rs2548279;?;2 x 10-6;;NR;1.12;'-;[1.07-1.17];ST8SIA4;Systemic lupus erythematosus;obsolete_systemic lupus erythematosus;'-;GCST007400;5:100841815
rs142245664;T;2 x 10-6;;NR;3.8;'-;[2.09-6.93];ST8SIA4, RN7SL802P;Leprosy;leprosy;'-;GCST90129399;5:100990918
rs2548271;?;3 x 10-6;;NR;'-;0.29911 unit increase;[0.17-0.42];RN7SKP62, ST8SIA4;S-warfarin levels;warfarin measurement;'-;GCST90129562;5:100798123
rs17161553;C;6 x 10-6;(IGP17);0.00759162019720625;'-;1.5958 unit increase;[0.9-2.29];ST8SIA4;IgG glycosylation;serum IgG glycosylation measurement;'-;GCST001848;5:100966102