seqnames	start	end	width	strand	name	score	type	polyaIDclassification	polyaIDcleavageprofile	reads	ru
chr5	100802056	100802057	2	-	ST8SIA4|extended_terminal_exon|polyaIDclassification_0.948|polyaIDcleavageprofile_0.085|reads_0|ru_0.0	1	extended_terminal_exon	0.948	0.085	0	0
chr5	100802177	100802178	2	-	ST8SIA4|extended_terminal_exon|polyaIDclassification_0.57|polyaIDcleavageprofile_0.06|reads_0|ru_0.0	1	extended_terminal_exon	0.57	0.06	0	0
chr5	100802680	100802681	2	-	ST8SIA4|extended_terminal_exon|polyaIDclassification_0.536|polyaIDcleavageprofile_0.068|reads_0|ru_0.0	1	extended_terminal_exon	0.536	0.068	0	0
chr5	100802822	100802823	2	-	ST8SIA4|extended_terminal_exon|polyaIDclassification_0.968|polyaIDcleavageprofile_0.072|reads_0|ru_0.0	1	extended_terminal_exon	0.968	0.072	0	0
chr5	100803226	100803227	2	-	ST8SIA4|extended_terminal_exon|polyaIDclassification_0.544|polyaIDcleavageprofile_0.055|reads_0|ru_0.0	1	extended_terminal_exon	0.544	0.055	0	0
chr5	100804005	100804006	2	-	ST8SIA4|extended_terminal_exon|polyaIDclassification_0.98|polyaIDcleavageprofile_0.045|reads_0|ru_0.0	1	extended_terminal_exon	0.98	0.045	0	0
chr5	100804126	100804127	2	-	ST8SIA4|extended_terminal_exon|polyaIDclassification_0.864|polyaIDcleavageprofile_0.034|reads_0|ru_0.0	1	extended_terminal_exon	0.864	0.034	0	0
chr5	100804170	100804171	2	-	ST8SIA4|extended_terminal_exon|polyaIDclassification_0.747|polyaIDcleavageprofile_0.042|reads_0|ru_0.0	1	extended_terminal_exon	0.747	0.042	0	0
chr5	100804260	100804261	2	-	ST8SIA4|extended_terminal_exon|polyaIDclassification_0.561|polyaIDcleavageprofile_0.045|reads_0|ru_0.0	1	extended_terminal_exon	0.561	0.045	0	0
chr5	100804372	100804373	2	-	ST8SIA4|extended_terminal_exon|polyaIDclassification_0.985|polyaIDcleavageprofile_0.06|reads_0|ru_0.0	1	extended_terminal_exon	0.985	0.06	0	0
chr5	100804438	100804439	2	-	ST8SIA4|extended_terminal_exon|polyaIDclassification_0.962|polyaIDcleavageprofile_0.032|reads_0|ru_0.0	1	extended_terminal_exon	0.962	0.032	0	0
chr5	100804766	100804767	2	-	ST8SIA4|extended_terminal_exon|polyaIDclassification_0.798|polyaIDcleavageprofile_0.052|reads_0|ru_0.0	1	extended_terminal_exon	0.798	0.052	0	0
chr5	100804820	100804821	2	-	ST8SIA4|extended_terminal_exon|polyaIDclassification_0.758|polyaIDcleavageprofile_0.029|reads_0|ru_0.0	1	extended_terminal_exon	0.758	0.029	0	0
chr5	100804848	100804849	2	-	ST8SIA4|extended_terminal_exon|polyaIDclassification_0.662|polyaIDcleavageprofile_0.039|reads_0|ru_0.0	1	extended_terminal_exon	0.662	0.039	0	0
chr5	100805181	100805182	2	-	ST8SIA4|extended_terminal_exon|polyaIDclassification_0.535|polyaIDcleavageprofile_0.05|reads_0|ru_0.0	1	extended_terminal_exon	0.535	0.05	0	0
chr5	100805994	100805995	2	-	ST8SIA4|extended_terminal_exon|polyaIDclassification_0.503|polyaIDcleavageprofile_0.035|reads_0|ru_0.0	1	extended_terminal_exon	0.503	0.035	0	0
chr5	100806121	100806122	2	-	ST8SIA4|extended_terminal_exon|polyaIDclassification_0.938|polyaIDcleavageprofile_0.018|reads_0|ru_0.0	1	extended_terminal_exon	0.938	0.018	0	0
chr5	100806933	100806934	2	-	ST8SIA4|terminal_exon|polyaIDclassification_0.77|polyaIDcleavageprofile_0.094|reads_9|ru_0.01	1	terminal_exon	0.77	0.094	9	0.01
chr5	100807206	100807207	2	-	ST8SIA4|terminal_exon|polyaIDclassification_1.0|polyaIDcleavageprofile_0.045|reads_296|ru_0.318	1	terminal_exon	1	0.045	296	0.318
chr5	100807447	100807448	2	-	ST8SIA4|terminal_exon|polyaIDclassification_0.972|polyaIDcleavageprofile_0.115|reads_0|ru_0.0	1	terminal_exon	0.972	0.115	0	0
chr5	100807560	100807561	2	-	ST8SIA4|terminal_exon|polyaIDclassification_0.585|polyaIDcleavageprofile_0.031|reads_0|ru_0.0	1	terminal_exon	0.585	0.031	0	0
chr5	100807675	100807676	2	-	ST8SIA4|terminal_exon|polyaIDclassification_0.848|polyaIDcleavageprofile_0.05|reads_11|ru_0.012	1	terminal_exon	0.848	0.05	11	0.012
chr5	100807898	100807899	2	-	ST8SIA4|terminal_exon|polyaIDclassification_0.97|polyaIDcleavageprofile_0.083|reads_0|ru_0.0	1	terminal_exon	0.97	0.083	0	0
chr5	100807966	100807967	2	-	ST8SIA4|terminal_exon|polyaIDclassification_0.771|polyaIDcleavageprofile_0.055|reads_0|ru_0.0	1	terminal_exon	0.771	0.055	0	0
chr5	100808420	100808421	2	-	ST8SIA4|terminal_exon|polyaIDclassification_0.997|polyaIDcleavageprofile_0.047|reads_29|ru_0.031	1	terminal_exon	0.997	0.047	29	0.031
chr5	100808497	100808498	2	-	ST8SIA4|terminal_exon|polyaIDclassification_0.746|polyaIDcleavageprofile_0.037|reads_0|ru_0.0	1	terminal_exon	0.746	0.037	0	0
chr5	100809660	100809661	2	-	ST8SIA4|terminal_exon|polyaIDclassification_0.968|polyaIDcleavageprofile_0.06|reads_67|ru_0.072	1	terminal_exon	0.968	0.06	67	0.072
chr5	100809745	100809746	2	-	ST8SIA4|terminal_exon|polyaIDclassification_0.6|polyaIDcleavageprofile_0.089|reads_0|ru_0.0	1	terminal_exon	0.6	0.089	0	0
chr5	100809975	100809976	2	-	ST8SIA4|terminal_exon|polyaIDclassification_0.986|polyaIDcleavageprofile_0.069|reads_64|ru_0.069	1	terminal_exon	0.986	0.069	64	0.069
chr5	100810018	100810019	2	-	ST8SIA4|terminal_exon|polyaIDclassification_0.886|polyaIDcleavageprofile_0.059|reads_0|ru_0.0	1	terminal_exon	0.886	0.059	0	0
chr5	100810197	100810198	2	-	ST8SIA4|terminal_exon|polyaIDclassification_0.969|polyaIDcleavageprofile_0.034|reads_0|ru_0.0	1	terminal_exon	0.969	0.034	0	0
chr5	100810485	100810486	2	-	ST8SIA4|terminal_exon|polyaIDclassification_0.995|polyaIDcleavageprofile_0.104|reads_20|ru_0.021	1	terminal_exon	0.995	0.104	20	0.021
chr5	100810624	100810625	2	-	ST8SIA4|terminal_exon|polyaIDclassification_0.574|polyaIDcleavageprofile_0.036|reads_0|ru_0.0	1	terminal_exon	0.574	0.036	0	0
chr5	100811221	100811222	2	-	ST8SIA4|terminal_exon|polyaIDclassification_0.999|polyaIDcleavageprofile_0.17|reads_38|ru_0.041	1	terminal_exon	0.999	0.17	38	0.041
chr5	100811372	100811373	2	-	ST8SIA4|terminal_exon|polyaIDclassification_0.636|polyaIDcleavageprofile_0.03|reads_32|ru_0.034	1	terminal_exon	0.636	0.03	32	0.034
chr5	100811712	100811713	2	-	ST8SIA4|terminal_exon|polyaIDclassification_0.574|polyaIDcleavageprofile_0.097|reads_0|ru_0.0	1	terminal_exon	0.574	0.097	0	0
chr5	100811828	100811829	2	-	ST8SIA4|terminal_exon|polyaIDclassification_0.974|polyaIDcleavageprofile_0.078|reads_9|ru_0.01	1	terminal_exon	0.974	0.078	9	0.01
chr5	100811890	100811891	2	-	ST8SIA4|terminal_exon|polyaIDclassification_0.598|polyaIDcleavageprofile_0.037|reads_0|ru_0.0	1	terminal_exon	0.598	0.037	0	0
chr5	100811947	100811948	2	-	ST8SIA4|terminal_exon|polyaIDclassification_0.57|polyaIDcleavageprofile_0.063|reads_0|ru_0.0	1	terminal_exon	0.57	0.063	0	0
chr5	100812268	100812269	2	-	ST8SIA4|intron:skipped|polyaIDclassification_0.991|polyaIDcleavageprofile_0.039|reads_0|ru_0.0	1	intron:skipped	0.991	0.039	0	0
chr5	100812404	100812405	2	-	ST8SIA4|intron:skipped|polyaIDclassification_0.916|polyaIDcleavageprofile_0.061|reads_0|ru_0.0	1	intron:skipped	0.916	0.061	0	0
chr5	100812593	100812594	2	-	ST8SIA4|intron:skipped|polyaIDclassification_0.99|polyaIDcleavageprofile_0.066|reads_0|ru_0.0	1	intron:skipped	0.99	0.066	0	0
chr5	100812637	100812638	2	-	ST8SIA4|intron:skipped|polyaIDclassification_0.953|polyaIDcleavageprofile_0.061|reads_0|ru_0.0	1	intron:skipped	0.953	0.061	0	0
chr5	100812771	100812772	2	-	ST8SIA4|intron:skipped|polyaIDclassification_0.502|polyaIDcleavageprofile_0.04|reads_0|ru_0.0	1	intron:skipped	0.502	0.04	0	0
chr5	100813437	100813438	2	-	ST8SIA4|intron:skipped|polyaIDclassification_0.867|polyaIDcleavageprofile_0.102|reads_0|ru_0.0	1	intron:skipped	0.867	0.102	0	0
chr5	100813484	100813485	2	-	ST8SIA4|intron:skipped|polyaIDclassification_0.891|polyaIDcleavageprofile_0.091|reads_0|ru_0.0	1	intron:skipped	0.891	0.091	0	0
chr5	100814680	100814681	2	-	ST8SIA4|intron:skipped|polyaIDclassification_0.997|polyaIDcleavageprofile_0.037|reads_0|ru_0.0	1	intron:skipped	0.997	0.037	0	0
chr5	100814787	100814788	2	-	ST8SIA4|intron:skipped|polyaIDclassification_0.956|polyaIDcleavageprofile_0.025|reads_0|ru_0.0	1	intron:skipped	0.956	0.025	0	0
chr5	100815048	100815049	2	-	ST8SIA4|intron:skipped|polyaIDclassification_0.526|polyaIDcleavageprofile_0.076|reads_0|ru_0.0	1	intron:skipped	0.526	0.076	0	0
chr5	100815362	100815363	2	-	ST8SIA4|intron:skipped|polyaIDclassification_0.717|polyaIDcleavageprofile_0.162|reads_0|ru_0.0	1	intron:skipped	0.717	0.162	0	0
chr5	100815462	100815463	2	-	ST8SIA4|intron:skipped|polyaIDclassification_0.618|polyaIDcleavageprofile_0.061|reads_0|ru_0.0	1	intron:skipped	0.618	0.061	0	0
chr5	100815530	100815531	2	-	ST8SIA4|intron:skipped|polyaIDclassification_0.949|polyaIDcleavageprofile_0.034|reads_0|ru_0.0	1	intron:skipped	0.949	0.034	0	0
chr5	100816255	100816256	2	-	ST8SIA4|intron:skipped|polyaIDclassification_0.508|polyaIDcleavageprofile_0.031|reads_0|ru_0.0	1	intron:skipped	0.508	0.031	0	0
chr5	100816435	100816436	2	-	ST8SIA4|intron:skipped|polyaIDclassification_0.579|polyaIDcleavageprofile_0.032|reads_0|ru_0.0	1	intron:skipped	0.579	0.032	0	0
chr5	100816653	100816654	2	-	ST8SIA4|intron:skipped|polyaIDclassification_0.515|polyaIDcleavageprofile_0.073|reads_0|ru_0.0	1	intron:skipped	0.515	0.073	0	0
chr5	100817932	100817933	2	-	ST8SIA4|intron:skipped|polyaIDclassification_0.931|polyaIDcleavageprofile_0.1|reads_0|ru_0.0	1	intron:skipped	0.931	0.1	0	0
chr5	100817995	100817996	2	-	ST8SIA4|intron:skipped|polyaIDclassification_0.679|polyaIDcleavageprofile_0.072|reads_0|ru_0.0	1	intron:skipped	0.679	0.072	0	0
chr5	100818156	100818157	2	-	ST8SIA4|intron:skipped|polyaIDclassification_0.587|polyaIDcleavageprofile_0.055|reads_0|ru_0.0	1	intron:skipped	0.587	0.055	0	0
chr5	100818459	100818460	2	-	ST8SIA4|intron:skipped|polyaIDclassification_0.682|polyaIDcleavageprofile_0.135|reads_0|ru_0.0	1	intron:skipped	0.682	0.135	0	0
chr5	100818737	100818738	2	-	ST8SIA4|intron:skipped|polyaIDclassification_0.516|polyaIDcleavageprofile_0.045|reads_0|ru_0.0	1	intron:skipped	0.516	0.045	0	0
chr5	100819364	100819365	2	-	ST8SIA4|intron:skipped|polyaIDclassification_0.999|polyaIDcleavageprofile_0.019|reads_0|ru_0.0	1	intron:skipped	0.999	0.019	0	0
chr5	100819378	100819379	2	-	ST8SIA4|intron:skipped|polyaIDclassification_0.999|polyaIDcleavageprofile_0.021|reads_0|ru_0.0	1	intron:skipped	0.999	0.021	0	0
chr5	100819696	100819697	2	-	ST8SIA4|intron:skipped|polyaIDclassification_0.999|polyaIDcleavageprofile_0.203|reads_0|ru_0.0	1	intron:skipped	0.999	0.203	0	0
chr5	100819743	100819744	2	-	ST8SIA4|intron:skipped|polyaIDclassification_0.714|polyaIDcleavageprofile_0.023|reads_0|ru_0.0	1	intron:skipped	0.714	0.023	0	0
chr5	100819856	100819857	2	-	ST8SIA4|intron:skipped|polyaIDclassification_0.995|polyaIDcleavageprofile_0.056|reads_0|ru_0.0	1	intron:skipped	0.995	0.056	0	0
chr5	100819918	100819919	2	-	ST8SIA4|intron:skipped|polyaIDclassification_0.981|polyaIDcleavageprofile_0.063|reads_0|ru_0.0	1	intron:skipped	0.981	0.063	0	0
chr5	100820485	100820486	2	-	ST8SIA4|intron:skipped|polyaIDclassification_0.987|polyaIDcleavageprofile_0.057|reads_0|ru_0.0	1	intron:skipped	0.987	0.057	0	0
chr5	100820659	100820660	2	-	ST8SIA4|intron:skipped|polyaIDclassification_0.997|polyaIDcleavageprofile_0.041|reads_0|ru_0.0	1	intron:skipped	0.997	0.041	0	0
chr5	100820927	100820928	2	-	ST8SIA4|intron:skipped|polyaIDclassification_0.744|polyaIDcleavageprofile_0.023|reads_0|ru_0.0	1	intron:skipped	0.744	0.023	0	0
chr5	100820960	100820961	2	-	ST8SIA4|intron:skipped|polyaIDclassification_0.607|polyaIDcleavageprofile_0.038|reads_0|ru_0.0	1	intron:skipped	0.607	0.038	0	0
chr5	100821191	100821192	2	-	ST8SIA4|intron:skipped|polyaIDclassification_0.543|polyaIDcleavageprofile_0.034|reads_0|ru_0.0	1	intron:skipped	0.543	0.034	0	0
chr5	100821329	100821330	2	-	ST8SIA4|intron:skipped|polyaIDclassification_0.982|polyaIDcleavageprofile_0.026|reads_0|ru_0.0	1	intron:skipped	0.982	0.026	0	0
chr5	100821341	100821342	2	-	ST8SIA4|intron:skipped|polyaIDclassification_0.891|polyaIDcleavageprofile_0.077|reads_0|ru_0.0	1	intron:skipped	0.891	0.077	0	0
chr5	100821434	100821435	2	-	ST8SIA4|intron:skipped|polyaIDclassification_0.559|polyaIDcleavageprofile_0.091|reads_0|ru_0.0	1	intron:skipped	0.559	0.091	0	0
chr5	100821633	100821634	2	-	ST8SIA4|intron:skipped|polyaIDclassification_0.535|polyaIDcleavageprofile_0.041|reads_0|ru_0.0	1	intron:skipped	0.535	0.041	0	0
chr5	100821807	100821808	2	-	ST8SIA4|intron:skipped|polyaIDclassification_0.999|polyaIDcleavageprofile_0.032|reads_0|ru_0.0	1	intron:skipped	0.999	0.032	0	0
chr5	100821838	100821839	2	-	ST8SIA4|intron:skipped|polyaIDclassification_0.973|polyaIDcleavageprofile_0.029|reads_0|ru_0.0	1	intron:skipped	0.973	0.029	0	0
chr5	100822036	100822037	2	-	ST8SIA4|intron:skipped|polyaIDclassification_0.756|polyaIDcleavageprofile_0.037|reads_0|ru_0.0	1	intron:skipped	0.756	0.037	0	0
chr5	100823676	100823677	2	-	ST8SIA4|intron:skipped|polyaIDclassification_0.507|polyaIDcleavageprofile_0.054|reads_0|ru_0.0	1	intron:skipped	0.507	0.054	0	0
chr5	100823797	100823798	2	-	ST8SIA4|intron:skipped|polyaIDclassification_0.943|polyaIDcleavageprofile_0.011|reads_0|ru_0.0	1	intron:skipped	0.943	0.011	0	0
chr5	100823813	100823814	2	-	ST8SIA4|intron:skipped|polyaIDclassification_0.986|polyaIDcleavageprofile_0.032|reads_0|ru_0.0	1	intron:skipped	0.986	0.032	0	0
chr5	100823891	100823892	2	-	ST8SIA4|intron:skipped|polyaIDclassification_0.794|polyaIDcleavageprofile_0.064|reads_0|ru_0.0	1	intron:skipped	0.794	0.064	0	0
chr5	100823941	100823942	2	-	ST8SIA4|intron:skipped|polyaIDclassification_0.625|polyaIDcleavageprofile_0.07|reads_0|ru_0.0	1	intron:skipped	0.625	0.07	0	0
chr5	100824546	100824547	2	-	ST8SIA4|intron:skipped|polyaIDclassification_0.983|polyaIDcleavageprofile_0.062|reads_0|ru_0.0	1	intron:skipped	0.983	0.062	0	0
chr5	100824739	100824740	2	-	ST8SIA4|intron:skipped|polyaIDclassification_0.501|polyaIDcleavageprofile_0.036|reads_0|ru_0.0	1	intron:skipped	0.501	0.036	0	0
chr5	100824919	100824920	2	-	ST8SIA4|intron:skipped|polyaIDclassification_0.51|polyaIDcleavageprofile_0.086|reads_0|ru_0.0	1	intron:skipped	0.51	0.086	0	0
chr5	100825188	100825189	2	-	ST8SIA4|intron:skipped|polyaIDclassification_0.848|polyaIDcleavageprofile_0.121|reads_0|ru_0.0	1	intron:skipped	0.848	0.121	0	0
chr5	100825269	100825270	2	-	ST8SIA4|intron:skipped|polyaIDclassification_0.969|polyaIDcleavageprofile_0.033|reads_0|ru_0.0	1	intron:skipped	0.969	0.033	0	0
chr5	100825334	100825335	2	-	ST8SIA4|intron:skipped|polyaIDclassification_0.764|polyaIDcleavageprofile_0.047|reads_0|ru_0.0	1	intron:skipped	0.764	0.047	0	0
chr5	100825500	100825501	2	-	ST8SIA4|intron:skipped|polyaIDclassification_0.981|polyaIDcleavageprofile_0.053|reads_0|ru_0.0	1	intron:skipped	0.981	0.053	0	0
chr5	100826111	100826112	2	-	ST8SIA4|intron:skipped|polyaIDclassification_0.948|polyaIDcleavageprofile_0.067|reads_0|ru_0.0	1	intron:skipped	0.948	0.067	0	0
chr5	100826240	100826241	2	-	ST8SIA4|intron:skipped|polyaIDclassification_0.599|polyaIDcleavageprofile_0.042|reads_0|ru_0.0	1	intron:skipped	0.599	0.042	0	0
chr5	100827442	100827443	2	-	ST8SIA4|intron:skipped|polyaIDclassification_0.74|polyaIDcleavageprofile_0.078|reads_0|ru_0.0	1	intron:skipped	0.74	0.078	0	0
chr5	100827870	100827871	2	-	ST8SIA4|intron:skipped|polyaIDclassification_1.0|polyaIDcleavageprofile_0.139|reads_0|ru_0.0	1	intron:skipped	1	0.139	0	0
chr5	100828776	100828777	2	-	ST8SIA4|intron:skipped|polyaIDclassification_0.518|polyaIDcleavageprofile_0.04|reads_0|ru_0.0	1	intron:skipped	0.518	0.04	0	0
chr5	100829992	100829993	2	-	ST8SIA4|intron:skipped|polyaIDclassification_0.999|polyaIDcleavageprofile_0.043|reads_0|ru_0.0	1	intron:skipped	0.999	0.043	0	0
chr5	100830308	100830309	2	-	ST8SIA4|intron:skipped|polyaIDclassification_0.626|polyaIDcleavageprofile_0.082|reads_0|ru_0.0	1	intron:skipped	0.626	0.082	0	0
chr5	100830862	100830863	2	-	ST8SIA4|intron:skipped|polyaIDclassification_0.579|polyaIDcleavageprofile_0.077|reads_0|ru_0.0	1	intron:skipped	0.579	0.077	0	0
chr5	100830910	100830911	2	-	ST8SIA4|intron:skipped|polyaIDclassification_0.961|polyaIDcleavageprofile_0.046|reads_0|ru_0.0	1	intron:skipped	0.961	0.046	0	0
chr5	100831413	100831414	2	-	ST8SIA4|intron:skipped|polyaIDclassification_0.595|polyaIDcleavageprofile_0.045|reads_0|ru_0.0	1	intron:skipped	0.595	0.045	0	0
chr5	100831468	100831469	2	-	ST8SIA4|intron:skipped|polyaIDclassification_0.603|polyaIDcleavageprofile_0.056|reads_0|ru_0.0	1	intron:skipped	0.603	0.056	0	0
chr5	100831956	100831957	2	-	ST8SIA4|intron:skipped|polyaIDclassification_0.944|polyaIDcleavageprofile_0.063|reads_0|ru_0.0	1	intron:skipped	0.944	0.063	0	0
chr5	100832045	100832046	2	-	ST8SIA4|intron:skipped|polyaIDclassification_0.836|polyaIDcleavageprofile_0.141|reads_0|ru_0.0	1	intron:skipped	0.836	0.141	0	0
chr5	100832175	100832176	2	-	ST8SIA4|intron:skipped|polyaIDclassification_0.996|polyaIDcleavageprofile_0.047|reads_0|ru_0.0	1	intron:skipped	0.996	0.047	0	0
chr5	100832242	100832243	2	-	ST8SIA4|intron:skipped|polyaIDclassification_0.732|polyaIDcleavageprofile_0.066|reads_0|ru_0.0	1	intron:skipped	0.732	0.066	0	0
chr5	100833412	100833413	2	-	ST8SIA4|intron:skipped|polyaIDclassification_0.929|polyaIDcleavageprofile_0.106|reads_0|ru_0.0	1	intron:skipped	0.929	0.106	0	0
chr5	100833497	100833498	2	-	ST8SIA4|intron:skipped|polyaIDclassification_0.688|polyaIDcleavageprofile_0.062|reads_0|ru_0.0	1	intron:skipped	0.688	0.062	0	0
chr5	100834162	100834163	2	-	ST8SIA4|intron:skipped|polyaIDclassification_0.505|polyaIDcleavageprofile_0.043|reads_0|ru_0.0	1	intron:skipped	0.505	0.043	0	0
chr5	100834494	100834495	2	-	ST8SIA4|intron:skipped|polyaIDclassification_0.518|polyaIDcleavageprofile_0.068|reads_0|ru_0.0	1	intron:skipped	0.518	0.068	0	0
chr5	100834887	100834888	2	-	ST8SIA4|intron:skipped|polyaIDclassification_0.989|polyaIDcleavageprofile_0.076|reads_0|ru_0.0	1	intron:skipped	0.989	0.076	0	0
chr5	100835980	100835981	2	-	ST8SIA4|intron:skipped|polyaIDclassification_0.993|polyaIDcleavageprofile_0.115|reads_0|ru_0.0	1	intron:skipped	0.993	0.115	0	0
chr5	100836093	100836094	2	-	ST8SIA4|intron:skipped|polyaIDclassification_0.831|polyaIDcleavageprofile_0.041|reads_0|ru_0.0	1	intron:skipped	0.831	0.041	0	0
chr5	100836762	100836763	2	-	ST8SIA4|intron:skipped|polyaIDclassification_0.549|polyaIDcleavageprofile_0.045|reads_0|ru_0.0	1	intron:skipped	0.549	0.045	0	0
chr5	100837452	100837453	2	-	ST8SIA4|intron:skipped|polyaIDclassification_0.907|polyaIDcleavageprofile_0.057|reads_0|ru_0.0	1	intron:skipped	0.907	0.057	0	0
chr5	100837526	100837527	2	-	ST8SIA4|intron:skipped|polyaIDclassification_0.969|polyaIDcleavageprofile_0.119|reads_0|ru_0.0	1	intron:skipped	0.969	0.119	0	0
chr5	100838424	100838425	2	-	ST8SIA4|intron:skipped|polyaIDclassification_0.922|polyaIDcleavageprofile_0.039|reads_0|ru_0.0	1	intron:skipped	0.922	0.039	0	0
chr5	100838653	100838654	2	-	ST8SIA4|intron:skipped|polyaIDclassification_0.994|polyaIDcleavageprofile_0.039|reads_0|ru_0.0	1	intron:skipped	0.994	0.039	0	0
chr5	100839165	100839166	2	-	ST8SIA4|intron:skipped|polyaIDclassification_0.647|polyaIDcleavageprofile_0.051|reads_0|ru_0.0	1	intron:skipped	0.647	0.051	0	0
chr5	100839383	100839384	2	-	ST8SIA4|intron:skipped|polyaIDclassification_0.521|polyaIDcleavageprofile_0.044|reads_0|ru_0.0	1	intron:skipped	0.521	0.044	0	0
chr5	100839697	100839698	2	-	ST8SIA4|intron:skipped|polyaIDclassification_0.999|polyaIDcleavageprofile_0.073|reads_0|ru_0.0	1	intron:skipped	0.999	0.073	0	0
chr5	100840189	100840190	2	-	ST8SIA4|intron:skipped|polyaIDclassification_0.983|polyaIDcleavageprofile_0.063|reads_0|ru_0.0	1	intron:skipped	0.983	0.063	0	0
chr5	100840290	100840291	2	-	ST8SIA4|intron:skipped|polyaIDclassification_0.862|polyaIDcleavageprofile_0.045|reads_0|ru_0.0	1	intron:skipped	0.862	0.045	0	0
chr5	100840863	100840864	2	-	ST8SIA4|intron:skipped|polyaIDclassification_0.999|polyaIDcleavageprofile_0.045|reads_0|ru_0.0	1	intron:skipped	0.999	0.045	0	0
chr5	100840984	100840985	2	-	ST8SIA4|intron:skipped|polyaIDclassification_0.704|polyaIDcleavageprofile_0.056|reads_0|ru_0.0	1	intron:skipped	0.704	0.056	0	0
chr5	100841268	100841269	2	-	ST8SIA4|intron:skipped|polyaIDclassification_0.93|polyaIDcleavageprofile_0.156|reads_0|ru_0.0	1	intron:skipped	0.93	0.156	0	0
chr5	100842126	100842127	2	-	ST8SIA4|intron:skipped|polyaIDclassification_0.729|polyaIDcleavageprofile_0.062|reads_0|ru_0.0	1	intron:skipped	0.729	0.062	0	0
chr5	100842176	100842177	2	-	ST8SIA4|intron:skipped|polyaIDclassification_0.631|polyaIDcleavageprofile_0.049|reads_0|ru_0.0	1	intron:skipped	0.631	0.049	0	0
chr5	100842340	100842341	2	-	ST8SIA4|intron:skipped|polyaIDclassification_0.991|polyaIDcleavageprofile_0.053|reads_13|ru_0.014	1	intron:skipped	0.991	0.053	13	0.014
chr5	100842418	100842419	2	-	ST8SIA4|intron:skipped|polyaIDclassification_0.649|polyaIDcleavageprofile_0.04|reads_0|ru_0.0	1	intron:skipped	0.649	0.04	0	0
chr5	100842494	100842495	2	-	ST8SIA4|intron:skipped|polyaIDclassification_0.993|polyaIDcleavageprofile_0.052|reads_0|ru_0.0	1	intron:skipped	0.993	0.052	0	0
chr5	100842552	100842553	2	-	ST8SIA4|intron:skipped|polyaIDclassification_0.593|polyaIDcleavageprofile_0.042|reads_0|ru_0.0	1	intron:skipped	0.593	0.042	0	0
chr5	100842595	100842596	2	-	ST8SIA4|intron:skipped|polyaIDclassification_0.646|polyaIDcleavageprofile_0.054|reads_0|ru_0.0	1	intron:skipped	0.646	0.054	0	0
chr5	100842633	100842634	2	-	ST8SIA4|intron:skipped|polyaIDclassification_0.733|polyaIDcleavageprofile_0.059|reads_0|ru_0.0	1	intron:skipped	0.733	0.059	0	0
chr5	100842744	100842745	2	-	ST8SIA4|intron:skipped|polyaIDclassification_0.718|polyaIDcleavageprofile_0.119|reads_0|ru_0.0	1	intron:skipped	0.718	0.119	0	0
chr5	100843059	100843060	2	-	ST8SIA4|intron:skipped|polyaIDclassification_0.939|polyaIDcleavageprofile_0.07|reads_0|ru_0.0	1	intron:skipped	0.939	0.07	0	0
chr5	100843110	100843111	2	-	ST8SIA4|intron:skipped|polyaIDclassification_0.962|polyaIDcleavageprofile_0.029|reads_0|ru_0.0	1	intron:skipped	0.962	0.029	0	0
chr5	100843136	100843137	2	-	ST8SIA4|intron:skipped|polyaIDclassification_0.978|polyaIDcleavageprofile_0.049|reads_0|ru_0.0	1	intron:skipped	0.978	0.049	0	0
chr5	100843176	100843177	2	-	ST8SIA4|intron:skipped|polyaIDclassification_0.948|polyaIDcleavageprofile_0.034|reads_0|ru_0.0	1	intron:skipped	0.948	0.034	0	0
chr5	100843328	100843329	2	-	ST8SIA4|intron:skipped|polyaIDclassification_0.998|polyaIDcleavageprofile_0.043|reads_0|ru_0.0	1	intron:skipped	0.998	0.043	0	0
chr5	100843899	100843900	2	-	ST8SIA4|intron:skipped|polyaIDclassification_0.805|polyaIDcleavageprofile_0.087|reads_0|ru_0.0	1	intron:skipped	0.805	0.087	0	0
chr5	100844288	100844289	2	-	ST8SIA4|intron:skipped|polyaIDclassification_0.523|polyaIDcleavageprofile_0.049|reads_0|ru_0.0	1	intron:skipped	0.523	0.049	0	0
chr5	100844582	100844583	2	-	ST8SIA4|intron:skipped|polyaIDclassification_0.966|polyaIDcleavageprofile_0.044|reads_0|ru_0.0	1	intron:skipped	0.966	0.044	0	0
chr5	100844771	100844772	2	-	ST8SIA4|intron:skipped|polyaIDclassification_0.534|polyaIDcleavageprofile_0.026|reads_0|ru_0.0	1	intron:skipped	0.534	0.026	0	0
chr5	100845794	100845795	2	-	ST8SIA4|intron:skipped|polyaIDclassification_0.531|polyaIDcleavageprofile_0.038|reads_0|ru_0.0	1	intron:skipped	0.531	0.038	0	0
chr5	100845974	100845975	2	-	ST8SIA4|intron:skipped|polyaIDclassification_0.884|polyaIDcleavageprofile_0.095|reads_0|ru_0.0	1	intron:skipped	0.884	0.095	0	0
chr5	100846033	100846034	2	-	ST8SIA4|intron:skipped|polyaIDclassification_0.642|polyaIDcleavageprofile_0.046|reads_0|ru_0.0	1	intron:skipped	0.642	0.046	0	0
chr5	100846313	100846314	2	-	ST8SIA4|intron:skipped|polyaIDclassification_0.954|polyaIDcleavageprofile_0.06|reads_0|ru_0.0	1	intron:skipped	0.954	0.06	0	0
chr5	100847109	100847110	2	-	ST8SIA4|intron:skipped|polyaIDclassification_0.538|polyaIDcleavageprofile_0.051|reads_0|ru_0.0	1	intron:skipped	0.538	0.051	0	0
chr5	100847606	100847607	2	-	ST8SIA4|intron:skipped|polyaIDclassification_0.983|polyaIDcleavageprofile_0.077|reads_0|ru_0.0	1	intron:skipped	0.983	0.077	0	0
chr5	100847672	100847673	2	-	ST8SIA4|intron:skipped|polyaIDclassification_0.925|polyaIDcleavageprofile_0.055|reads_0|ru_0.0	1	intron:skipped	0.925	0.055	0	0
chr5	100847927	100847928	2	-	ST8SIA4|intron:skipped|polyaIDclassification_0.983|polyaIDcleavageprofile_0.134|reads_3|ru_0.003	1	intron:skipped	0.983	0.134	3	0.003
chr5	100847994	100847995	2	-	ST8SIA4|intron:skipped|polyaIDclassification_0.61|polyaIDcleavageprofile_0.035|reads_0|ru_0.0	1	intron:skipped	0.61	0.035	0	0
chr5	100848037	100848038	2	-	ST8SIA4|intron:skipped|polyaIDclassification_0.691|polyaIDcleavageprofile_0.056|reads_0|ru_0.0	1	intron:skipped	0.691	0.056	0	0
chr5	100848153	100848154	2	-	ST8SIA4|intron:skipped|polyaIDclassification_0.637|polyaIDcleavageprofile_0.063|reads_3|ru_0.003	1	intron:skipped	0.637	0.063	3	0.003
chr5	100848661	100848662	2	-	ST8SIA4|intron:skipped|polyaIDclassification_0.807|polyaIDcleavageprofile_0.089|reads_0|ru_0.0	1	intron:skipped	0.807	0.089	0	0
chr5	100848723	100848724	2	-	ST8SIA4|intron:skipped|polyaIDclassification_0.634|polyaIDcleavageprofile_0.042|reads_0|ru_0.0	1	intron:skipped	0.634	0.042	0	0
chr5	100849034	100849035	2	-	ST8SIA4|intron:skipped|polyaIDclassification_0.948|polyaIDcleavageprofile_0.022|reads_0|ru_0.0	1	intron:skipped	0.948	0.022	0	0
chr5	100849058	100849059	2	-	ST8SIA4|intron:skipped|polyaIDclassification_0.99|polyaIDcleavageprofile_0.075|reads_50|ru_0.054	1	intron:skipped	0.99	0.075	50	0.054
chr5	100849136	100849137	2	-	ST8SIA4|intron:skipped|polyaIDclassification_0.753|polyaIDcleavageprofile_0.062|reads_4|ru_0.004	1	intron:skipped	0.753	0.062	4	0.004
chr5	100849254	100849255	2	-	ST8SIA4|intron:skipped|polyaIDclassification_0.541|polyaIDcleavageprofile_0.098|reads_43|ru_0.046	1	intron:skipped	0.541	0.098	43	0.046
chr5	100849901	100849902	2	-	ST8SIA4|intron:composite|polyaIDclassification_0.55|polyaIDcleavageprofile_0.032|reads_0|ru_0.0	1	intron:composite	0.55	0.032	0	0
chr5	100850211	100850212	2	-	ST8SIA4|intron:composite|polyaIDclassification_0.509|polyaIDcleavageprofile_0.119|reads_0|ru_0.0	1	intron:composite	0.509	0.119	0	0
chr5	100850506	100850507	2	-	ST8SIA4|intron:composite|polyaIDclassification_0.525|polyaIDcleavageprofile_0.084|reads_0|ru_0.0	1	intron:composite	0.525	0.084	0	0
chr5	100850699	100850700	2	-	ST8SIA4|intron:composite|polyaIDclassification_0.974|polyaIDcleavageprofile_0.052|reads_0|ru_0.0	1	intron:composite	0.974	0.052	0	0
chr5	100851122	100851123	2	-	ST8SIA4|intron:composite|polyaIDclassification_0.965|polyaIDcleavageprofile_0.051|reads_0|ru_0.0	1	intron:composite	0.965	0.051	0	0
chr5	100851364	100851365	2	-	ST8SIA4|intron:composite|polyaIDclassification_0.577|polyaIDcleavageprofile_0.07|reads_0|ru_0.0	1	intron:composite	0.577	0.07	0	0
chr5	100851497	100851498	2	-	ST8SIA4|intron:composite|polyaIDclassification_0.553|polyaIDcleavageprofile_0.125|reads_0|ru_0.0	1	intron:composite	0.553	0.125	0	0
chr5	100851524	100851525	2	-	ST8SIA4|intron:composite|polyaIDclassification_0.513|polyaIDcleavageprofile_0.042|reads_0|ru_0.0	1	intron:composite	0.513	0.042	0	0
chr5	100852007	100852008	2	-	ST8SIA4|intron:composite|polyaIDclassification_0.979|polyaIDcleavageprofile_0.049|reads_0|ru_0.0	1	intron:composite	0.979	0.049	0	0
chr5	100852421	100852422	2	-	ST8SIA4|intron:composite|polyaIDclassification_1.0|polyaIDcleavageprofile_0.065|reads_2|ru_0.002	1	intron:composite	1	0.065	2	0.002
chr5	100852525	100852526	2	-	ST8SIA4|intron:composite|polyaIDclassification_0.726|polyaIDcleavageprofile_0.041|reads_0|ru_0.0	1	intron:composite	0.726	0.041	0	0
chr5	100852899	100852900	2	-	ST8SIA4|intron:composite|polyaIDclassification_0.995|polyaIDcleavageprofile_0.074|reads_0|ru_0.0	1	intron:composite	0.995	0.074	0	0
chr5	100852985	100852986	2	-	ST8SIA4|intron:composite|polyaIDclassification_0.753|polyaIDcleavageprofile_0.06|reads_0|ru_0.0	1	intron:composite	0.753	0.06	0	0
chr5	100853265	100853266	2	-	ST8SIA4|intron:composite|polyaIDclassification_0.529|polyaIDcleavageprofile_0.045|reads_2|ru_0.002	1	intron:composite	0.529	0.045	2	0.002
chr5	100854090	100854091	2	-	ST8SIA4|intron:composite|polyaIDclassification_0.553|polyaIDcleavageprofile_0.046|reads_0|ru_0.0	1	intron:composite	0.553	0.046	0	0
chr5	100854615	100854616	2	-	ST8SIA4|intron:composite|polyaIDclassification_0.987|polyaIDcleavageprofile_0.08|reads_4|ru_0.004	1	intron:composite	0.987	0.08	4	0.004
chr5	100855179	100855180	2	-	ST8SIA4|intron:composite|polyaIDclassification_0.885|polyaIDcleavageprofile_0.175|reads_0|ru_0.0	1	intron:composite	0.885	0.175	0	0
chr5	100855998	100855999	2	-	ST8SIA4|intron:composite|polyaIDclassification_0.553|polyaIDcleavageprofile_0.08|reads_28|ru_0.03	1	intron:composite	0.553	0.08	28	0.03
chr5	100856136	100856137	2	-	ST8SIA4|intron:skipped|polyaIDclassification_0.998|polyaIDcleavageprofile_0.056|reads_636|ru_0.682	1	intron:skipped	0.998	0.056	636	0.682
chr5	100856253	100856254	2	-	ST8SIA4|intron:skipped|polyaIDclassification_0.506|polyaIDcleavageprofile_0.056|reads_0|ru_0.0	1	intron:skipped	0.506	0.056	0	0
chr5	100856848	100856849	2	-	ST8SIA4|intron:composite|polyaIDclassification_0.727|polyaIDcleavageprofile_0.084|reads_0|ru_0.0	1	intron:composite	0.727	0.084	0	0
chr5	100856984	100856985	2	-	ST8SIA4|intron:composite|polyaIDclassification_0.519|polyaIDcleavageprofile_0.068|reads_0|ru_0.0	1	intron:composite	0.519	0.068	0	0
chr5	100857457	100857458	2	-	ST8SIA4|intron:composite|polyaIDclassification_0.554|polyaIDcleavageprofile_0.091|reads_0|ru_0.0	1	intron:composite	0.554	0.091	0	0
chr5	100858375	100858376	2	-	ST8SIA4|intron:composite|polyaIDclassification_0.999|polyaIDcleavageprofile_0.057|reads_0|ru_0.0	1	intron:composite	0.999	0.057	0	0
chr5	100858441	100858442	2	-	ST8SIA4|intron:composite|polyaIDclassification_0.817|polyaIDcleavageprofile_0.071|reads_0|ru_0.0	1	intron:composite	0.817	0.071	0	0
chr5	100858509	100858510	2	-	ST8SIA4|intron:composite|polyaIDclassification_0.619|polyaIDcleavageprofile_0.043|reads_0|ru_0.0	1	intron:composite	0.619	0.043	0	0
chr5	100858711	100858712	2	-	ST8SIA4|intron:composite|polyaIDclassification_0.759|polyaIDcleavageprofile_0.063|reads_0|ru_0.0	1	intron:composite	0.759	0.063	0	0
chr5	100858920	100858921	2	-	ST8SIA4|intron:composite|polyaIDclassification_0.53|polyaIDcleavageprofile_0.033|reads_0|ru_0.0	1	intron:composite	0.53	0.033	0	0
chr5	100859388	100859389	2	-	ST8SIA4|intron:composite|polyaIDclassification_0.52|polyaIDcleavageprofile_0.097|reads_0|ru_0.0	1	intron:composite	0.52	0.097	0	0
chr5	100859494	100859495	2	-	ST8SIA4|intron:composite|polyaIDclassification_0.979|polyaIDcleavageprofile_0.055|reads_0|ru_0.0	1	intron:composite	0.979	0.055	0	0
chr5	100859543	100859544	2	-	ST8SIA4|intron:composite|polyaIDclassification_0.987|polyaIDcleavageprofile_0.032|reads_0|ru_0.0	1	intron:composite	0.987	0.032	0	0
chr5	100859592	100859593	2	-	ST8SIA4|intron:composite|polyaIDclassification_0.625|polyaIDcleavageprofile_0.034|reads_0|ru_0.0	1	intron:composite	0.625	0.034	0	0
chr5	100859677	100859678	2	-	ST8SIA4|intron:composite|polyaIDclassification_0.938|polyaIDcleavageprofile_0.013|reads_0|ru_0.0	1	intron:composite	0.938	0.013	0	0
chr5	100859705	100859706	2	-	ST8SIA4|intron:composite|polyaIDclassification_0.998|polyaIDcleavageprofile_0.03|reads_0|ru_0.0	1	intron:composite	0.998	0.03	0	0
chr5	100859731	100859732	2	-	ST8SIA4|intron:composite|polyaIDclassification_0.997|polyaIDcleavageprofile_0.082|reads_0|ru_0.0	1	intron:composite	0.997	0.082	0	0
chr5	100859876	100859877	2	-	ST8SIA4|intron:composite|polyaIDclassification_0.997|polyaIDcleavageprofile_0.038|reads_0|ru_0.0	1	intron:composite	0.997	0.038	0	0
chr5	100859995	100859996	2	-	ST8SIA4|intron:composite|polyaIDclassification_0.92|polyaIDcleavageprofile_0.118|reads_0|ru_0.0	1	intron:composite	0.92	0.118	0	0
chr5	100861197	100861198	2	-	ST8SIA4|intron:composite|polyaIDclassification_0.703|polyaIDcleavageprofile_0.044|reads_0|ru_0.0	1	intron:composite	0.703	0.044	0	0
chr5	100861770	100861771	2	-	ST8SIA4|intron:composite|polyaIDclassification_0.982|polyaIDcleavageprofile_0.062|reads_0|ru_0.0	1	intron:composite	0.982	0.062	0	0
chr5	100861813	100861814	2	-	ST8SIA4|intron:composite|polyaIDclassification_0.902|polyaIDcleavageprofile_0.013|reads_0|ru_0.0	1	intron:composite	0.902	0.013	0	0
chr5	100861835	100861836	2	-	ST8SIA4|intron:composite|polyaIDclassification_0.603|polyaIDcleavageprofile_0.011|reads_0|ru_0.0	1	intron:composite	0.603	0.011	0	0
chr5	100862057	100862058	2	-	ST8SIA4|intron:composite|polyaIDclassification_0.998|polyaIDcleavageprofile_0.077|reads_0|ru_0.0	1	intron:composite	0.998	0.077	0	0
chr5	100862096	100862097	2	-	ST8SIA4|intron:composite|polyaIDclassification_0.826|polyaIDcleavageprofile_0.037|reads_0|ru_0.0	1	intron:composite	0.826	0.037	0	0
chr5	100862335	100862336	2	-	ST8SIA4|intron:composite|polyaIDclassification_0.963|polyaIDcleavageprofile_0.061|reads_0|ru_0.0	1	intron:composite	0.963	0.061	0	0
chr5	100862395	100862396	2	-	ST8SIA4|intron:composite|polyaIDclassification_0.999|polyaIDcleavageprofile_0.029|reads_0|ru_0.0	1	intron:composite	0.999	0.029	0	0
chr5	100862695	100862696	2	-	ST8SIA4|intron:composite|polyaIDclassification_0.939|polyaIDcleavageprofile_0.056|reads_0|ru_0.0	1	intron:composite	0.939	0.056	0	0
chr5	100863515	100863516	2	-	ST8SIA4|intron:composite|polyaIDclassification_0.594|polyaIDcleavageprofile_0.027|reads_0|ru_0.0	1	intron:composite	0.594	0.027	0	0
chr5	100863534	100863535	2	-	ST8SIA4|intron:composite|polyaIDclassification_0.544|polyaIDcleavageprofile_0.018|reads_0|ru_0.0	1	intron:composite	0.544	0.018	0	0
chr5	100863736	100863737	2	-	ST8SIA4|intron:composite|polyaIDclassification_0.87|polyaIDcleavageprofile_0.042|reads_0|ru_0.0	1	intron:composite	0.87	0.042	0	0
chr5	100863875	100863876	2	-	ST8SIA4|intron:composite|polyaIDclassification_0.983|polyaIDcleavageprofile_0.123|reads_0|ru_0.0	1	intron:composite	0.983	0.123	0	0
chr5	100863984	100863985	2	-	ST8SIA4|intron:composite|polyaIDclassification_0.71|polyaIDcleavageprofile_0.034|reads_0|ru_0.0	1	intron:composite	0.71	0.034	0	0
chr5	100864152	100864153	2	-	ST8SIA4|intron:composite|polyaIDclassification_0.612|polyaIDcleavageprofile_0.044|reads_0|ru_0.0	1	intron:composite	0.612	0.044	0	0
chr5	100864727	100864728	2	-	ST8SIA4|intron:composite|polyaIDclassification_0.886|polyaIDcleavageprofile_0.118|reads_0|ru_0.0	1	intron:composite	0.886	0.118	0	0
chr5	100864844	100864845	2	-	ST8SIA4|intron:composite|polyaIDclassification_0.998|polyaIDcleavageprofile_0.048|reads_0|ru_0.0	1	intron:composite	0.998	0.048	0	0
chr5	100864977	100864978	2	-	ST8SIA4|intron:composite|polyaIDclassification_0.955|polyaIDcleavageprofile_0.151|reads_0|ru_0.0	1	intron:composite	0.955	0.151	0	0
chr5	100865624	100865625	2	-	ST8SIA4|intron:composite|polyaIDclassification_0.953|polyaIDcleavageprofile_0.054|reads_0|ru_0.0	1	intron:composite	0.953	0.054	0	0
chr5	100866102	100866103	2	-	ST8SIA4|intron:composite|polyaIDclassification_0.549|polyaIDcleavageprofile_0.092|reads_0|ru_0.0	1	intron:composite	0.549	0.092	0	0
chr5	100866368	100866369	2	-	ST8SIA4|intron:composite|polyaIDclassification_0.656|polyaIDcleavageprofile_0.063|reads_0|ru_0.0	1	intron:composite	0.656	0.063	0	0
chr5	100866507	100866508	2	-	ST8SIA4|intron:composite|polyaIDclassification_0.998|polyaIDcleavageprofile_0.054|reads_6|ru_0.006	1	intron:composite	0.998	0.054	6	0.006
chr5	100866615	100866616	2	-	ST8SIA4|intron:composite|polyaIDclassification_0.907|polyaIDcleavageprofile_0.051|reads_0|ru_0.0	1	intron:composite	0.907	0.051	0	0
chr5	100866808	100866809	2	-	ST8SIA4|intron:composite|polyaIDclassification_0.84|polyaIDcleavageprofile_0.019|reads_0|ru_0.0	1	intron:composite	0.84	0.019	0	0
chr5	100866818	100866819	2	-	ST8SIA4|intron:composite|polyaIDclassification_0.769|polyaIDcleavageprofile_0.114|reads_0|ru_0.0	1	intron:composite	0.769	0.114	0	0
chr5	100867138	100867139	2	-	ST8SIA4|intron:composite|polyaIDclassification_0.708|polyaIDcleavageprofile_0.084|reads_0|ru_0.0	1	intron:composite	0.708	0.084	0	0
chr5	100867448	100867449	2	-	ST8SIA4|intron:composite|polyaIDclassification_0.984|polyaIDcleavageprofile_0.036|reads_0|ru_0.0	1	intron:composite	0.984	0.036	0	0
chr5	100867756	100867757	2	-	ST8SIA4|intron:composite|polyaIDclassification_0.994|polyaIDcleavageprofile_0.196|reads_0|ru_0.0	1	intron:composite	0.994	0.196	0	0
chr5	100867902	100867903	2	-	ST8SIA4|intron:composite|polyaIDclassification_0.996|polyaIDcleavageprofile_0.048|reads_0|ru_0.0	1	intron:composite	0.996	0.048	0	0
chr5	100867961	100867962	2	-	ST8SIA4|intron:composite|polyaIDclassification_0.521|polyaIDcleavageprofile_0.03|reads_0|ru_0.0	1	intron:composite	0.521	0.03	0	0
chr5	100868685	100868686	2	-	ST8SIA4|intron:composite|polyaIDclassification_0.922|polyaIDcleavageprofile_0.054|reads_0|ru_0.0	1	intron:composite	0.922	0.054	0	0
chr5	100869052	100869053	2	-	ST8SIA4|intron:composite|polyaIDclassification_0.643|polyaIDcleavageprofile_0.053|reads_10|ru_0.011	1	intron:composite	0.643	0.053	10	0.011
chr5	100869104	100869105	2	-	ST8SIA4|intron:composite|polyaIDclassification_0.585|polyaIDcleavageprofile_0.034|reads_0|ru_0.0	1	intron:composite	0.585	0.034	0	0
chr5	100869179	100869180	2	-	ST8SIA4|intron:composite|polyaIDclassification_0.643|polyaIDcleavageprofile_0.057|reads_2|ru_0.002	1	intron:composite	0.643	0.057	2	0.002
chr5	100869543	100869544	2	-	ST8SIA4|intron:composite|polyaIDclassification_0.81|polyaIDcleavageprofile_0.038|reads_0|ru_0.0	1	intron:composite	0.81	0.038	0	0
chr5	100869616	100869617	2	-	ST8SIA4|intron:composite|polyaIDclassification_0.716|polyaIDcleavageprofile_0.071|reads_0|ru_0.0	1	intron:composite	0.716	0.071	0	0
chr5	100869690	100869691	2	-	ST8SIA4|intron:composite|polyaIDclassification_0.521|polyaIDcleavageprofile_0.04|reads_0|ru_0.0	1	intron:composite	0.521	0.04	0	0
chr5	100869787	100869788	2	-	ST8SIA4|intron:composite|polyaIDclassification_0.724|polyaIDcleavageprofile_0.078|reads_8|ru_0.009	1	intron:composite	0.724	0.078	8	0.009
chr5	100870635	100870636	2	-	ST8SIA4|intron:composite|polyaIDclassification_0.52|polyaIDcleavageprofile_0.059|reads_0|ru_0.0	1	intron:composite	0.52	0.059	0	0
chr5	100870717	100870718	2	-	ST8SIA4|intron:composite|polyaIDclassification_0.536|polyaIDcleavageprofile_0.025|reads_0|ru_0.0	1	intron:composite	0.536	0.025	0	0
chr5	100870858	100870859	2	-	ST8SIA4|intron:composite|polyaIDclassification_0.693|polyaIDcleavageprofile_0.022|reads_0|ru_0.0	1	intron:composite	0.693	0.022	0	0
chr5	100872179	100872180	2	-	ST8SIA4|intron:composite|polyaIDclassification_0.964|polyaIDcleavageprofile_0.052|reads_0|ru_0.0	1	intron:composite	0.964	0.052	0	0
chr5	100872221	100872222	2	-	ST8SIA4|intron:composite|polyaIDclassification_0.861|polyaIDcleavageprofile_0.036|reads_0|ru_0.0	1	intron:composite	0.861	0.036	0	0
chr5	100872750	100872751	2	-	ST8SIA4|intron:composite|polyaIDclassification_0.996|polyaIDcleavageprofile_0.03|reads_0|ru_0.0	1	intron:composite	0.996	0.03	0	0
chr5	100873092	100873093	2	-	ST8SIA4|intron:composite|polyaIDclassification_0.533|polyaIDcleavageprofile_0.092|reads_0|ru_0.0	1	intron:composite	0.533	0.092	0	0
chr5	100873812	100873813	2	-	ST8SIA4|intron:composite|polyaIDclassification_0.991|polyaIDcleavageprofile_0.053|reads_0|ru_0.0	1	intron:composite	0.991	0.053	0	0
chr5	100874085	100874086	2	-	ST8SIA4|intron:composite|polyaIDclassification_0.543|polyaIDcleavageprofile_0.049|reads_0|ru_0.0	1	intron:composite	0.543	0.049	0	0
chr5	100874737	100874738	2	-	ST8SIA4|intron:composite|polyaIDclassification_0.561|polyaIDcleavageprofile_0.02|reads_0|ru_0.0	1	intron:composite	0.561	0.02	0	0
chr5	100874763	100874764	2	-	ST8SIA4|intron:composite|polyaIDclassification_0.605|polyaIDcleavageprofile_0.024|reads_0|ru_0.0	1	intron:composite	0.605	0.024	0	0
chr5	100874993	100874994	2	-	ST8SIA4|intron:composite|polyaIDclassification_0.944|polyaIDcleavageprofile_0.118|reads_0|ru_0.0	1	intron:composite	0.944	0.118	0	0
chr5	100875036	100875037	2	-	ST8SIA4|intron:composite|polyaIDclassification_0.638|polyaIDcleavageprofile_0.035|reads_0|ru_0.0	1	intron:composite	0.638	0.035	0	0
chr5	100875341	100875342	2	-	ST8SIA4|intron:composite|polyaIDclassification_0.814|polyaIDcleavageprofile_0.079|reads_0|ru_0.0	1	intron:composite	0.814	0.079	0	0
chr5	100875644	100875645	2	-	ST8SIA4|intron:composite|polyaIDclassification_0.642|polyaIDcleavageprofile_0.048|reads_0|ru_0.0	1	intron:composite	0.642	0.048	0	0
chr5	100875680	100875681	2	-	ST8SIA4|intron:composite|polyaIDclassification_0.945|polyaIDcleavageprofile_0.061|reads_0|ru_0.0	1	intron:composite	0.945	0.061	0	0
chr5	100875736	100875737	2	-	ST8SIA4|intron:composite|polyaIDclassification_0.867|polyaIDcleavageprofile_0.047|reads_0|ru_0.0	1	intron:composite	0.867	0.047	0	0
chr5	100876025	100876026	2	-	ST8SIA4|intron:composite|polyaIDclassification_0.898|polyaIDcleavageprofile_0.069|reads_0|ru_0.0	1	intron:composite	0.898	0.069	0	0
chr5	100876079	100876080	2	-	ST8SIA4|intron:composite|polyaIDclassification_0.891|polyaIDcleavageprofile_0.054|reads_0|ru_0.0	1	intron:composite	0.891	0.054	0	0
chr5	100876829	100876830	2	-	ST8SIA4|intron:composite|polyaIDclassification_0.717|polyaIDcleavageprofile_0.039|reads_0|ru_0.0	1	intron:composite	0.717	0.039	0	0
chr5	100878145	100878146	2	-	ST8SIA4|intron:composite|polyaIDclassification_0.996|polyaIDcleavageprofile_0.066|reads_0|ru_0.0	1	intron:composite	0.996	0.066	0	0
chr5	100878468	100878469	2	-	ST8SIA4|intron:composite|polyaIDclassification_0.998|polyaIDcleavageprofile_0.102|reads_0|ru_0.0	1	intron:composite	0.998	0.102	0	0
chr5	100879000	100879001	2	-	ST8SIA4|intron:composite|polyaIDclassification_0.549|polyaIDcleavageprofile_0.034|reads_0|ru_0.0	1	intron:composite	0.549	0.034	0	0
chr5	100879399	100879400	2	-	ST8SIA4|intron:composite|polyaIDclassification_0.5|polyaIDcleavageprofile_0.036|reads_0|ru_0.0	1	intron:composite	0.5	0.036	0	0
chr5	100879809	100879810	2	-	ST8SIA4|intron:composite|polyaIDclassification_0.586|polyaIDcleavageprofile_0.035|reads_0|ru_0.0	1	intron:composite	0.586	0.035	0	0
chr5	100880516	100880517	2	-	ST8SIA4|intron:composite|polyaIDclassification_0.968|polyaIDcleavageprofile_0.035|reads_0|ru_0.0	1	intron:composite	0.968	0.035	0	0
chr5	100880570	100880571	2	-	ST8SIA4|intron:composite|polyaIDclassification_0.515|polyaIDcleavageprofile_0.037|reads_0|ru_0.0	1	intron:composite	0.515	0.037	0	0
chr5	100882592	100882593	2	-	ST8SIA4|intron:composite|polyaIDclassification_0.547|polyaIDcleavageprofile_0.043|reads_0|ru_0.0	1	intron:composite	0.547	0.043	0	0
chr5	100884065	100884066	2	-	ST8SIA4|intron:composite|polyaIDclassification_0.576|polyaIDcleavageprofile_0.084|reads_0|ru_0.0	1	intron:composite	0.576	0.084	0	0
chr5	100884430	100884431	2	-	ST8SIA4|intron:composite|polyaIDclassification_1.0|polyaIDcleavageprofile_0.124|reads_6|ru_0.006	1	intron:composite	1	0.124	6	0.006
chr5	100885315	100885316	2	-	ST8SIA4|intron:composite|polyaIDclassification_0.978|polyaIDcleavageprofile_0.059|reads_0|ru_0.0	1	intron:composite	0.978	0.059	0	0
chr5	100885415	100885416	2	-	ST8SIA4|intron:composite|polyaIDclassification_0.996|polyaIDcleavageprofile_0.111|reads_0|ru_0.0	1	intron:composite	0.996	0.111	0	0
chr5	100885462	100885463	2	-	ST8SIA4|intron:composite|polyaIDclassification_0.659|polyaIDcleavageprofile_0.039|reads_0|ru_0.0	1	intron:composite	0.659	0.039	0	0
chr5	100885532	100885533	2	-	ST8SIA4|intron:composite|polyaIDclassification_0.765|polyaIDcleavageprofile_0.058|reads_0|ru_0.0	1	intron:composite	0.765	0.058	0	0
chr5	100885790	100885791	2	-	ST8SIA4|intron:composite|polyaIDclassification_0.51|polyaIDcleavageprofile_0.054|reads_0|ru_0.0	1	intron:composite	0.51	0.054	0	0
chr5	100886050	100886051	2	-	ST8SIA4|intron:composite|polyaIDclassification_0.584|polyaIDcleavageprofile_0.11|reads_32|ru_0.034	1	intron:composite	0.584	0.11	32	0.034
chr5	100886889	100886890	2	-	ST8SIA4|intron:composite|polyaIDclassification_0.892|polyaIDcleavageprofile_0.103|reads_0|ru_0.0	1	intron:composite	0.892	0.103	0	0
chr5	100888215	100888216	2	-	ST8SIA4|intron:composite|polyaIDclassification_0.763|polyaIDcleavageprofile_0.053|reads_0|ru_0.0	1	intron:composite	0.763	0.053	0	0
chr5	100888484	100888485	2	-	ST8SIA4|intron:composite|polyaIDclassification_0.604|polyaIDcleavageprofile_0.08|reads_0|ru_0.0	1	intron:composite	0.604	0.08	0	0
chr5	100888613	100888614	2	-	ST8SIA4|intron:composite|polyaIDclassification_0.988|polyaIDcleavageprofile_0.054|reads_0|ru_0.0	1	intron:composite	0.988	0.054	0	0
chr5	100888752	100888753	2	-	ST8SIA4|intron:composite|polyaIDclassification_0.999|polyaIDcleavageprofile_0.063|reads_0|ru_0.0	1	intron:composite	0.999	0.063	0	0
chr5	100888783	100888784	2	-	ST8SIA4|intron:composite|polyaIDclassification_0.817|polyaIDcleavageprofile_0.044|reads_0|ru_0.0	1	intron:composite	0.817	0.044	0	0
chr5	100888832	100888833	2	-	ST8SIA4|intron:composite|polyaIDclassification_0.612|polyaIDcleavageprofile_0.074|reads_0|ru_0.0	1	intron:composite	0.612	0.074	0	0
chr5	100889008	100889009	2	-	ST8SIA4|intron:composite|polyaIDclassification_0.57|polyaIDcleavageprofile_0.041|reads_0|ru_0.0	1	intron:composite	0.57	0.041	0	0
chr5	100889039	100889040	2	-	ST8SIA4|intron:composite|polyaIDclassification_0.521|polyaIDcleavageprofile_0.049|reads_0|ru_0.0	1	intron:composite	0.521	0.049	0	0
chr5	100889191	100889192	2	-	ST8SIA4|intron:composite|polyaIDclassification_0.998|polyaIDcleavageprofile_0.06|reads_0|ru_0.0	1	intron:composite	0.998	0.06	0	0
chr5	100889490	100889491	2	-	ST8SIA4|intron:composite|polyaIDclassification_0.998|polyaIDcleavageprofile_0.077|reads_0|ru_0.0	1	intron:composite	0.998	0.077	0	0
chr5	100889642	100889643	2	-	ST8SIA4|intron:composite|polyaIDclassification_0.998|polyaIDcleavageprofile_0.052|reads_0|ru_0.0	1	intron:composite	0.998	0.052	0	0
chr5	100890486	100890487	2	-	ST8SIA4|intron:composite|polyaIDclassification_0.834|polyaIDcleavageprofile_0.049|reads_0|ru_0.0	1	intron:composite	0.834	0.049	0	0
chr5	100891124	100891125	2	-	ST8SIA4|intron:composite|polyaIDclassification_0.568|polyaIDcleavageprofile_0.054|reads_0|ru_0.0	1	intron:composite	0.568	0.054	0	0
chr5	100891369	100891370	2	-	ST8SIA4|intron:composite|polyaIDclassification_1.0|polyaIDcleavageprofile_0.051|reads_0|ru_0.0	1	intron:composite	1	0.051	0	0
chr5	100891406	100891407	2	-	ST8SIA4|intron:composite|polyaIDclassification_0.976|polyaIDcleavageprofile_0.031|reads_0|ru_0.0	1	intron:composite	0.976	0.031	0	0
chr5	100891425	100891426	2	-	ST8SIA4|intron:composite|polyaIDclassification_0.792|polyaIDcleavageprofile_0.045|reads_0|ru_0.0	1	intron:composite	0.792	0.045	0	0
chr5	100891586	100891587	2	-	ST8SIA4|intron:composite|polyaIDclassification_0.729|polyaIDcleavageprofile_0.099|reads_0|ru_0.0	1	intron:composite	0.729	0.099	0	0
chr5	100891686	100891687	2	-	ST8SIA4|intron:composite|polyaIDclassification_0.99|polyaIDcleavageprofile_0.069|reads_0|ru_0.0	1	intron:composite	0.99	0.069	0	0
chr5	100891752	100891753	2	-	ST8SIA4|intron:composite|polyaIDclassification_0.512|polyaIDcleavageprofile_0.044|reads_0|ru_0.0	1	intron:composite	0.512	0.044	0	0
chr5	100892248	100892249	2	-	ST8SIA4|intron:composite|polyaIDclassification_0.806|polyaIDcleavageprofile_0.038|reads_0|ru_0.0	1	intron:composite	0.806	0.038	0	0
chr5	100892613	100892614	2	-	ST8SIA4|intron:composite|polyaIDclassification_0.969|polyaIDcleavageprofile_0.114|reads_0|ru_0.0	1	intron:composite	0.969	0.114	0	0
chr5	100892660	100892661	2	-	ST8SIA4|intron:composite|polyaIDclassification_0.907|polyaIDcleavageprofile_0.067|reads_0|ru_0.0	1	intron:composite	0.907	0.067	0	0
chr5	100892692	100892693	2	-	ST8SIA4|intron:composite|polyaIDclassification_0.744|polyaIDcleavageprofile_0.063|reads_0|ru_0.0	1	intron:composite	0.744	0.063	0	0
chr5	100892864	100892865	2	-	ST8SIA4|intron:composite|polyaIDclassification_0.615|polyaIDcleavageprofile_0.092|reads_0|ru_0.0	1	intron:composite	0.615	0.092	0	0
chr5	100893155	100893156	2	-	ST8SIA4|intron:composite|polyaIDclassification_0.513|polyaIDcleavageprofile_0.051|reads_0|ru_0.0	1	intron:composite	0.513	0.051	0	0
chr5	100893218	100893219	2	-	ST8SIA4|intron:composite|polyaIDclassification_0.991|polyaIDcleavageprofile_0.026|reads_0|ru_0.0	1	intron:composite	0.991	0.026	0	0
chr5	100893228	100893229	2	-	ST8SIA4|intron:composite|polyaIDclassification_0.993|polyaIDcleavageprofile_0.165|reads_0|ru_0.0	1	intron:composite	0.993	0.165	0	0
chr5	100893393	100893394	2	-	ST8SIA4|intron:composite|polyaIDclassification_0.996|polyaIDcleavageprofile_0.032|reads_0|ru_0.0	1	intron:composite	0.996	0.032	0	0
chr5	100893469	100893470	2	-	ST8SIA4|intron:composite|polyaIDclassification_0.662|polyaIDcleavageprofile_0.045|reads_0|ru_0.0	1	intron:composite	0.662	0.045	0	0
chr5	100893779	100893780	2	-	ST8SIA4|intron:composite|polyaIDclassification_0.921|polyaIDcleavageprofile_0.068|reads_0|ru_0.0	1	intron:composite	0.921	0.068	0	0
chr5	100893885	100893886	2	-	ST8SIA4|intron:composite|polyaIDclassification_0.747|polyaIDcleavageprofile_0.039|reads_0|ru_0.0	1	intron:composite	0.747	0.039	0	0
chr5	100894257	100894258	2	-	ST8SIA4|intron:composite|polyaIDclassification_0.95|polyaIDcleavageprofile_0.072|reads_0|ru_0.0	1	intron:composite	0.95	0.072	0	0
chr5	100894298	100894299	2	-	ST8SIA4|intron:composite|polyaIDclassification_0.891|polyaIDcleavageprofile_0.065|reads_0|ru_0.0	1	intron:composite	0.891	0.065	0	0
chr5	100894849	100894850	2	-	ST8SIA4|intron:composite|polyaIDclassification_0.658|polyaIDcleavageprofile_0.088|reads_0|ru_0.0	1	intron:composite	0.658	0.088	0	0
chr5	100894904	100894905	2	-	ST8SIA4|intron:composite|polyaIDclassification_0.556|polyaIDcleavageprofile_0.061|reads_0|ru_0.0	1	intron:composite	0.556	0.061	0	0
chr5	100895159	100895160	2	-	ST8SIA4|intron:composite|polyaIDclassification_0.517|polyaIDcleavageprofile_0.036|reads_0|ru_0.0	1	intron:composite	0.517	0.036	0	0
chr5	100895214	100895215	2	-	ST8SIA4|intron:composite|polyaIDclassification_0.996|polyaIDcleavageprofile_0.064|reads_0|ru_0.0	1	intron:composite	0.996	0.064	0	0
chr5	100895328	100895329	2	-	ST8SIA4|intron:composite|polyaIDclassification_0.57|polyaIDcleavageprofile_0.047|reads_0|ru_0.0	1	intron:composite	0.57	0.047	0	0
chr5	100895390	100895391	2	-	ST8SIA4|intron:composite|polyaIDclassification_0.861|polyaIDcleavageprofile_0.055|reads_0|ru_0.0	1	intron:composite	0.861	0.055	0	0
chr5	100895525	100895526	2	-	ST8SIA4|intron:composite|polyaIDclassification_0.948|polyaIDcleavageprofile_0.049|reads_0|ru_0.0	1	intron:composite	0.948	0.049	0	0
chr5	100895607	100895608	2	-	ST8SIA4|intron:composite|polyaIDclassification_0.995|polyaIDcleavageprofile_0.192|reads_0|ru_0.0	1	intron:composite	0.995	0.192	0	0
chr5	100895727	100895728	2	-	ST8SIA4|upstream_exon|polyaIDclassification_0.603|polyaIDcleavageprofile_0.034|reads_0|ru_0.0	1	upstream_exon	0.603	0.034	0	0
chr5	100897440	100897441	2	-	ST8SIA4|intron:composite|polyaIDclassification_0.9|polyaIDcleavageprofile_0.047|reads_0|ru_0.0	1	intron:composite	0.9	0.047	0	0
chr5	100897545	100897546	2	-	ST8SIA4|intron:composite|polyaIDclassification_0.897|polyaIDcleavageprofile_0.036|reads_0|ru_0.0	1	intron:composite	0.897	0.036	0	0
chr5	100898802	100898803	2	-	ST8SIA4|intron:composite|polyaIDclassification_0.994|polyaIDcleavageprofile_0.041|reads_3|ru_0.003	1	intron:composite	0.994	0.041	3	0.003
chr5	100899457	100899458	2	-	ST8SIA4|intron:composite|polyaIDclassification_0.933|polyaIDcleavageprofile_0.035|reads_0|ru_0.0	1	intron:composite	0.933	0.035	0	0
chr5	100899501	100899502	2	-	ST8SIA4|intron:composite|polyaIDclassification_0.68|polyaIDcleavageprofile_0.032|reads_0|ru_0.0	1	intron:composite	0.68	0.032	0	0
chr5	100899658	100899659	2	-	ST8SIA4|intron:composite|polyaIDclassification_0.59|polyaIDcleavageprofile_0.024|reads_0|ru_0.0	1	intron:composite	0.59	0.024	0	0
chr5	100899865	100899866	2	-	ST8SIA4|intron:composite|polyaIDclassification_0.992|polyaIDcleavageprofile_0.102|reads_0|ru_0.0	1	intron:composite	0.992	0.102	0	0
chr5	100901885	100901886	2	-	ST8SIA4|intron:composite|polyaIDclassification_0.836|polyaIDcleavageprofile_0.081|reads_4|ru_0.004	1	intron:composite	0.836	0.081	4	0.004
chr5	100902686	100902687	2	-	ST8SIA4|intron:composite|polyaIDclassification_0.957|polyaIDcleavageprofile_0.069|reads_83|ru_0.089	1	intron:composite	0.957	0.069	83	0.089
