Chromosome;PeakSite;ClusterStart;ClusterEnd;Strand;Site 3'READS;Cluster 3'READS;Cluster Usage;Gene;Feature;Signal
chr5;100807202;100807183;100807208;-;192;307;0,482704;ST8SIA4;terminal_exon;AATAAA
chr5;100808419;100808414;100808420;-;21;29;0,045597;ST8SIA4;terminal_exon;AATAAA
chr5;100809654;100809654;100809664;-;38;67;0,105346;ST8SIA4;terminal_exon;AATAAA
chr5;100809977;100809973;100809978;-;52;64;0,100629;ST8SIA4;terminal_exon;AATAAA
chr5;100810485;100810485;100810486;-;20;20;0,031447;ST8SIA4;terminal_exon;AATAAA
chr5;100811221;100811221;100811228;-;17;38;0,059748;ST8SIA4;terminal_exon;AATAAA
chr5;100811374;100811367;100811375;-;17;32;0,050314;ST8SIA4;terminal_exon;ATTAAA
chr5;100842342;100842342;100842343;-;13;13;0,02044;ST8SIA4;intron:skipped;AATAAA
chr5;100848230;100848230;100848237;-;16;20;0,031447;ST8SIA4;intron:skipped;Other
chr5;100849059;100849042;100849079;-;50;68;0,106918;ST8SIA4;intron:skipped;AATAAA
chr5;100849255;100849255;100849256;-;43;43;0,06761;ST8SIA4;intron:skipped;ATTAAA
chr5;100855999;100855999;100856000;-;28;28;0,044025;ST8SIA4;intron:composite;Variant
chr5;100856137;100856133;100856144;-;565;636;1;ST8SIA4;intron:skipped;AATAAA
chr5;100869050;100869050;100869051;-;10;10;0,015723;ST8SIA4;intron:composite;AATAAA
chr5;100885646;100885646;100885647;-;12;12;0,018868;ST8SIA4;intron:composite;Variant
chr5;100886050;100886050;100886053;-;29;32;0,050314;ST8SIA4;intron:composite;ATTAAA
chr5;100902687;100902685;100902705;-;77;88;0,138365;ST8SIA4;intron:composite;ATTAAA
;;;;;;;;;;
Source: Table S2 from Strop et al., Nat Comm, 2023;;;;;;;;;;
based on reanalysis from  GSE111134;;;;;;;;;;